username,email,password,date_registered,billing_first_name,billing_last_name,billing_company,billing_address_1,billing_address_2,billing_city,billing_state,billing_postcode,billing_country,billing_email,billing_phone,shipping_first_name,shipping_last_name,shipping_company,shipping_address_1,shipping_address_2,shipping_city,shipping_state,shipping_postcode,shipping_country,paying_customer
heisenberg,heisenberg@mailinator.com,$P$BPmhTIcePb1jfb8qQEc2CPJa0D8h9S1,5/17/2016 19:25:00,Walter,White,,308 Negra Arroyo Lane,,Albuquerque,NM,87104,US,heisenberg@mailinator.com,5558675309,Walter,White,,308 Negra Arroyo Lane,,Albuquerque,NM,87104,US,no
gustavo,gustavo@sogetthis.com,$P$BmVIsyniXoYFD1SuwrfjadfgEbvHa30,5/30/2016 23:34:00,Gus,Fring,Los Pollos Hermanos,1213 Jefferson Blvd NE,,Albuquerque,NM,87110,US,gustavo@sogetthis.com,5551234567,Gus,Fring,Los Pollos Hermanos,1213 Jefferson Blvd NE,,Albuquerque,NM,87110,US,yes
skyler,skylar@mailinator.com,$P$BU.khIky2yZmj3o8yaj.Y9yY.pn90k/,5/27/2016 5:30:00,Skyler,White,,308 Negra Arroyo Lane,,Albuquerque,NM,87104,US,skyler@mailinator.com,5558675309,Skyler,White,,308 Negra Arroyo Lane,,Albuquerque,NM,87104,US,yes
schraderbrau,schraderbrau@mailinator.com,$P$BIFHim9sy3g2hXsLO0nbX5ephd9KMV.,5/17/2016 19:29:00,Hank,Schrader,DEA,4901 Cumbre del Sol Court NE,,Albuquerque,NM,87111,US,schraderbrau@mailinator.com,,Hank,Schrader,,4301 Cumbre del Sol ct,,Albuquerque,NM,87111,US,no
capncook,capncook@mailinator.com,$P$BKTx8Ka6gdOKbtPR9K3g3rQhYNdc4k/,5/30/2016 23:34:00,Jesse,Pinkman,,9809 Margo Street,,Albuquerque,NM,87104,US,capncook@mailinator.com,,Jane,Margolis,,323 Terrace St SE,,Albuquerque,NM,87106,US,yes